link,address,number
Houndies #3127,rf5ATLvMuvLexwKrpY2BQeY1GE5yn8f6qR,3127
Houndies #4809,rPTWewLJsjTts8LpkArvN5s8w1nz1azDN4,4809
Houndies #8365,r3HXwT1V86rNjgofsnMXZKhioryK2MCH4B,8365
Houndies #7596,rMSe2MTZdhUwjjSUwZxBCVGsjmQrNrS4G7,7596
Houndies #5058,rMD6ssZWTC4JuJrBm2auPokxm7cyC22fqd,5058
Houndies #1250,rhjiBnMxo1NsjKxFpbCP7GoDw6QvVUmXxZ,1250
Houndies #3286,rBUG6dy8rvn533LAdPWUXJ2N681bCGY4YA,3286
Houndies #6779,rbKoFeFtQr2cRMK2jRwhgTa1US9KU6v4L,6779
Houndies #821,rLfP4UznJ65hYTKXjSj2UQQxWDmxmRdbLW,821
Houndies #9366,rEBfa2ZfAWaeW2Ej8K2rJrL32HP3Xa4XRh,9366
Houndies #3169,rh6NT2RjdwY5yvXPNMm3Lgga9HBNqmFe1a,3169
Houndies #4676,rBRAPzpvjAN2NacZNZLykqUN4hoJo3CnrD,4676
Houndies #676,r9wLzYZJWi2SJ11FqquGjjnEA9U2D2S9NJ,676
Houndies #3518,rHc41MsSczdjsUw5ur3MVV7rPaZ2ow1TDd,3518
Houndies #3807,rUfUmEfWP3KLvweKKq6SS5vdrJEPKy7tt8,3807
Houndies #1070,rnhaR7avyCHttjrEJtiznMCcvZ5TQT1nKX,1070
Houndies #2948,rQLUpHe77Gn4sYFj2CaRPSGWbdMKQRFNm3,2948
Houndies #3877,rPje7hWMP46DUFiNVduGvTyipSRRHffazD,3877
Houndies #3414,rKXkK5RRJD74anBpTeG23qc1gKggSHQHjB,3414
Houndies #4191,rMyGx5WCog7jpTS8rW8HqJY7fNZArV7KS1,4191
Houndies #8390,rE7pgMsAdJjgiagCERQCJJWk5NJuYkb8XA,8390
Houndies #9214,rntousvMKf8ZTKoXcJVQcH1rtVJC5p4Hru,9214
Houndies #6342,rLfP4UznJ65hYTKXjSj2UQQxWDmxmRdbLW,6342
Houndies #6790,rfFfo87G2a7R7Csr1f6yHm7gxVGvx8ypo3,6790
Houndies #8034,rKnWEEsZYH7cCspJ41RmrFuWuHGoi483G5,8034
Houndies #8361,rLGaJf75FFFgPMSASgfVk48Yh3ncuHKRUh,8361
Houndies #1202,r3RaNVLvWjqqtFAawC6jbRhgKyFH7HvRS8,1202
Houndies #5370,rHpvqprZn6AhCKQoGZ4DhgpMRmxy6nUEAo,5370
Houndies #8163,rEBfa2ZfAWaeW2Ej8K2rJrL32HP3Xa4XRh,8163
Houndies #3935,rGRazVuhx65Q8ds1uikbgJcwhEAcKgWxdL,3935
Houndies #8015,rDRYrNeBG4rxSV5c1skJb2TAXzDCcCnhVG,8015
Houndies #72,rhqQusNxfeyg28LkvDjiQ4r5STrJbzpoRr,72
Houndies #7253,rhfNhB7fmnGoeTXmkZEhHoiB6MuRBktEtC,7253
Houndies #5039,rbKoFeFtQr2cRMK2jRwhgTa1US9KU6v4L,5039
Houndies #2503,rBYZXgzMGfnjhm3KYA6w1Jmd5M8nrwxHge,2503
Houndies #1101,rwpsU3qKpSu8narr3ptW2BHgAFzHmSEELE,1101
Houndies #8480,rEZe1aH2QQFiPN2JD6NWjhs75oJWnp31nE,8480
Houndies #6280,r65uw16CAmHcVbuQ5NLabpNzjxMuYWRTc,6280
Houndies #7526,rMrt91RkHZwmYfUbVX72iwmbiaRxnKXjo9,7526
Houndies #6352,rfFfo87G2a7R7Csr1f6yHm7gxVGvx8ypo3,6352
Houndies #5174,rhqQusNxfeyg28LkvDjiQ4r5STrJbzpoRr,5174
Houndies #8882,rfscjqwsyZMsVC51KTGbCt6cEwUZ3aS3RZ,8882
Houndies #4370,r3Uq3y1xSUku8Trj7XsP8s7vVcrJzfkT81,4370
Houndies #1913,rhhV1PHPLGbgx1Z3v1wJQefdW68u7JhaYo,1913
Houndies #2082,rf4cCp3LioEf1ykssKfgRzhFahkKK3YZH6,2082
Houndies #8644,rKXkK5RRJD74anBpTeG23qc1gKggSHQHjB,8644
Houndies #4166,rhqQusNxfeyg28LkvDjiQ4r5STrJbzpoRr,4166
Houndies #9069,rnf17CXiD9fx7rbm62y4M8HfEzGF5FemrJ,9069
Houndies #4226,rB6UMvRK5bL55AVRk7gx83tHAUwY9ChBhH,4226
Houndies #5004,rsKPMpApQSZpS9thCy2k1P6yZBd5SXVrcw,5004
Houndies #3482,rNXhU52ybru7GyhU4duZSrxNGwD2vE7Z9H,3482
Houndies #2210,rM7kLogVPw2nXGrXRLYBnBFNLQNCPkz9DK,2210
Houndies #9193,rnuNyckWUZn2TvpZMFYNWKhEgW4CKAHZCr,9193
Houndies #1040,rC3QKsxS59978ceAmGsSr5jJvMC6CcedQ,1040
Houndies #4402,rnxLuMUNPvcgYoSecaihz2DhJNor3iKcFw,4402
Houndies #5293,rKXkK5RRJD74anBpTeG23qc1gKggSHQHjB,5293
Houndies #1126,rpPeXssxUC8o4L3aNs8W2Tojf2RZXSUHf3,1126
Houndies #4325,r9WeakSNFvJ3nuqixoYsagWeVbdR8mCghr,4325
Houndies #6642,rUT647VpJ85p6q7cUWQS4WQ6D22vW2r2dk,6642
Houndies #40,rPBkXMHDcx2X9MKYKYrqffdQ9Y9ybRDGDm,40
Houndies #919,rh4pokXdRBhpjqBDdUCB8J72qRKotxaft5,919
Houndies #9852,rLfP4UznJ65hYTKXjSj2UQQxWDmxmRdbLW,9852
Houndies #646,rNXhU52ybru7GyhU4duZSrxNGwD2vE7Z9H,646
Houndies #8336,r9uewc31XMq71cW9rsY95qufqam9RXAMp3,8336
Houndies #7452,rs7eEkp5ZZvzGNFNpz75KqbQxXTfscC5aW,7452
Houndies #1372,rJTtgYBjXwLGpuSBSpYR1i6wYPg7Ch4Dz2,1372
Houndies #1570,rQaxPsfzRN4734Murktzv4AAsUo1NuWJR,1570
Houndies #675,rNXhU52ybru7GyhU4duZSrxNGwD2vE7Z9H,675
Houndies #4604,rLF97RRKpkMqEBsjzhDf5mTKxwXSnrcSag,4604
Houndies #2240,rEbq6FaiLtAvo78FnWHvMdzPfNSpQPAHDD,2240
Houndies #9093,rJ2jeZvDyDRnDJPsEUw3rvN2wm6Bh3iHJA,9093
Houndies #5493,rNXhU52ybru7GyhU4duZSrxNGwD2vE7Z9H,5493
Houndies #6236,rDdpAkYcMPuRfiQySVWUVjzbEZSH8ZH871,6236
Houndies #5628,rUg3PhHCW3SknEy4zC5vYvgJsH1AAUMUAQ,5628
Houndies #6145,rEtqTY8BNBYNLah3yXeasrJSJQxvkHQ7ro,6145
Houndies #3890,rKaDNynCTjdinhyRCBoFUeLRjHUkxWxrgT,3890
Houndies #428,rUeLntBykE2fwBytCBQKyKEQpuH52YjkdB,428
Houndies #247,rUv4X1NEcqA6rtnd8DjiYycSCDYVrn1Tc8,247
Houndies #4539,rEBfa2ZfAWaeW2Ej8K2rJrL32HP3Xa4XRh,4539
Houndies #1991,rPYUdaRgYZ3fr4XYVkkjuwHd8pPihws941,1991
Houndies #5422,raLqe3ABVY2tVo2iAJjvAk4G2TRLzrtdcw,5422
Houndies #5423,rUQzATuRj2eDmYfmqJ5XRpD6sPPXa9DoAJ,5423
Houndies #265,rDdpAkYcMPuRfiQySVWUVjzbEZSH8ZH871,265
Houndies #106,rBt14sigRvLQxuPXGoKgWSz5y2oJhC7mx3,106
Houndies #6603,rH8Nrszm3XrHLB98bVvnsvcW7J5Ehq9aEm,6603
Houndies #2655,rh5UA9YpJJbnavsLG8PTiqZ3krjEGWbuSi,2655
Houndies #5117,r42fubUuQocRobQ4haFzvH8aXGLocJPcLf,5117
Houndies #8598,rJv8rFbe3aoUNRRgJfhk9AKHBGfhZ1hGXd,8598
Houndies #2737,r3ef8sW34YR8BCDDpCjy7RcjVYSh8wEgH9,2737
Houndies #2394,rw34D6m3qfER9A2HbNU5WzuDTcPwP94Sf6,2394
Houndies #719,rBdYfiQ1dVEaJk8kZXwdFLEVGeYUraLXvU,719
Houndies #5521,rax7ZTiD1SUzpZSgrnd1ESDtyVyAZvRAWx,5521
Houndies #7329,rLiHJpQknuC5QrcCZs2FfAn71TbDNKcLMh,7329
Houndies #2263,rwDDdbhBfPUZ3ChRbGY4BLg3VyfgksM1Za,2263
Houndies #9821,r3bRiq2J8E4nhLHhvSAQK7ESw2B8UiMxw4,9821
Houndies #3900,raDxjVU5c4Ti6gGnv529QH5SeWJBauak9U,3900
Houndies #9668,rfVZygFLmLw9S6HJgwcmN8sorvSgxU1ukB,9668
Houndies #780,rNy57V32ntejVAmCmRFkkdknmvyWTQBG2u,780
Houndies #1995,r9cF3t1f9RtUh84xPVQ5s1avKjb97GZzPk,1995
Houndies #4089,rpE9RhyRQomAnnEvzqaAesaQKCm4HX2Tq6,4089
Houndies #2778,rNN8FgmtAmJ7Jv5qMPpc5JZHx3okobxLNt,2778
Houndies #2343,rDhaEPiNWYESZgkMzs1uJMhRBY6trTGU9d,2343
Houndies #7146,rn2F2ytVMghuHqoYTsjYLxkPJD1sNxMrHP,7146
Houndies #5537,rN41MhxGZA4b93M3dA9suVLTXoLC79aJG1,5537
Houndies #6229,r42g1CMEgMNcBYhUULvZJmsWB4uhBCJLih,6229
Houndies #9660,rMao6sb6Gg1g1dZMS5uCSqkKg2vDrSmkSD,9660
Houndies #9718,rUCeyot1TNSF2v87CJRjA97sQamLC28jTW,9718
Houndies #8249,rExSJvWnn93G5NfnzZ3YKuPgpQnr8wBsrE,8249
Houndies #147,rNogbPtQNTP9EpkPyvfa6wxxvSGtVskL1h,147
Houndies #2798,rKsKz4ehz5Guw3BYJB1NvWQYQtFHErxieV,2798
Houndies #5877,r3YK2y8V1yXsn9TuWMWJcr32tAAgmnLz2V,5877
Houndies #3672,rDvZFt8h4epNzRirnJVvZcfct7hWfwLXvD,3672
Houndies #2385,r9sPndz6LoTcTvHKVVbjSJ7dvYMPJrbLxy,2385
Houndies #3900,rhRoacRp3rUnAHCLq1XVDqTF8ofCdw1YAw,3900
Houndies #9668,rM4VHefYmohsacP4jLVoU5qcZScPCLRGRi,9668
Houndies #780,rBkVhjWZpsbLr3d3TQ3wHfV7TxZvwZtaiz,780
Houndies #1995,rES3QZxYLLFc1efH2pXFJjMZov86PwgjYU,1995
Houndies #4089,rNm3d1TsNkU4nBfMxCSJgie4umXYxbd7S6,4089
Houndies #2778,rns2Snk6mFnbK3PBq6nDcZnQcdBJVXz7zq,2778
Houndies #2343,rUQqs366Acp3korqcDBvixxUgmUd6fDQJd,2343
Houndies #7146,rKUYWZivW5GRMqTWqNGXrGjDkdCaZRpBnA,7146
Houndies #5537,rfw7nxpanVTV7he4SW5m4B52jQ9kn1SYjh,5537
Houndies #6229,rHEsWci2hJxabdWCghBSeYLAsKuFqT3abZ,6229
Houndies #9660,rhEKnHhYxpp229p78eSATALxN3A2dV8xbT,9660
Houndies #9718,rUDpyPJAeML18bNWuEtwCy2DS3CfFGuCKA,9718
Houndies #8249,rB2VU1k7HQ1DheNGhQufFqb5GH1rDVBEiH,8249
Houndies #8005,r42SxDdFrQ7GcG2Ho43heRrWQbmCTBRyFs,8005
Houndies #3195,r95fiidRJYgbzvCkQxsBCkmtBVjD1KPAFs,3195
Houndies #2791,rBgS3ifJ7ogrLH464P167HT8ZWXLb2fWvw,2791
Houndies #7791,rHftp3Fs8uceMEZNYo6dvm5zK48d8GxYoM,7791
Houndies #5181,rDa5iiCQUgkrUzMbbZg21fpgCLwKVDbKU3,5181
Houndies #7019,rps5Hih58G6oiBwbbjdPHGaFNwcswMdVip,7019
Houndies #8401,rKyxE8HrSoQmpa6iGzPhMbTNLnJbofvfio,8401
Houndies #3576,ruRb7BuU4hAXfvChhkGmK65oh6Ac4W7xK,3576
Houndies #9486,rmpY6BDCQLtDE1D7VPFCFbcGZvjtts2Vc,9486
Houndies #5455,rnKTmBHfPY8qAu2YQ89HzNeRzLE6M4rcdm,5455
Houndies #9270,rNw97fEaArBWTKywaGiX4mDBivVD9J5nru,9270
Houndies #7246,rp2gaVPkqcNGt99B4cjaQLHbyigQuHXTCM,7246
Houndies #3908,rUGtm5xTuVaRzfZzo8AVCcNVUKAaiUKMK9,3908
Houndies #9696,rsaBGbaUsn4tbFTCiQG1Egy5xt6Ge1Ur4n,9696
Houndies #271,rBBoyEqXqQdeGgdVRAy5sqUCPFB4Cbhnp,271
Houndies #7676,rPhiKkqbvgz1gDwXiW6A3DrdAqbv2VBQ3s,7676
Houndies #8070,rn3px1vinZEP1A7nfvjukYxpZM6sGJ6sT9,8070
Houndies #9285,rJRjqaxsE3Jk7uZ7A9iKZTLj5cSiZ92DCT,9285
Houndies #4659,ra1eJuDnC59YsixcUJQsB9u9R77B9qsBE2,4659
Houndies #8290,rNBrxQwjiPbKEV2WhBEpGSMySCZMGhewFx,8290
Houndies #8648,rBGLv9CCNkN32zVQutfVLw1mMyo97R9r5e,8648
Houndies #7704,rJ1crnbBf4vErcCdXBGToAFKhG66HRVxPM,7704
Houndies #431,rKNiHD7KwCU6ahi8iXMoASn4ZXqJ1n37n7,431
Houndies #3712,rBtX8EMHeNgBfis4cSHCsg9Y4Vaw53YYp4,3712
Houndies #9929,rf5y1F7HP1nmb3tHCTptvoNFaXPXQ2c7zG,9929
Houndies #9437,rEeSSJRRv8Vy48H6mR3mKHQq9P24E6L1m5,9437
Houndies #8195,rN9U7qcQzj1mVMdAtZUpSm6yz6so66BfZN,8195
Houndies #1382,r4vrvMXZ4rJQL1uYeT4eP5cgb2pt8R4MzX,1382
Houndies #3776,rnsqjWzJBY6gEjhK5ymqVCuVKjtHqW1tEc,3776
Houndies #2457,rUgsrf5HrYkzCgC5Z2RoZkbuNH79Ja8mjS,2457
Houndies #4014,rfMTFmYpQoL8kQq8APaSkrxtJoZ73EDTV7,4014
Houndies #3711,rskr17AzQwdLgQ3bPh9VyN2SFFUpuk4RUr,3711
Houndies #2639,rapC1Zcg6eorkUAMiXyaEmQ287L71SwvoZ,2639
Houndies #7688,r9mMVfPRFV3UQ9GZHQhwVdWwPC4EgCxbkp,7688
Houndies #3298,rraaMWXYLrBT8Hr98J2cF6HSK59veLMSwY,3298
Houndies #6100,rB1ckzFP6NJz2S3gKL4zgqv1J7w2XuLjG1,6100
Houndies #9320,rKZe7wXaQmd9M7hmAgUNVWdJ8yiQpNVCp6,9320
Houndies #8914,rf8osSC98A9tUV2DVct8KC5ATa4hc8Ver7,8914
Houndies #1239,rB6tnaABwBmU2BnMATnk52pCupPp9n9rjc,1239
Houndies #4170,rPW3uJeyAu9Cm4oiCpNGuwu3UuPgvS6KKv,4170
Houndies #813,rHBwxv4CrziHBtuD54CLu8UaBvyFdR1rV1,813
Houndies #7662,rUqvpjxGjPSceiaH3ywbKHsiq2CBPYa9qM,7662
Houndies #5082,rK2vFuTLBF5Jha7kMYRynGgVYxZ8JTro2n,5082
Houndies #7303,rpd8wt43PpdUdJVsXQ6vTUDfJq99P1GodW,7303
Houndies #9874,rMJXWbwuzdjGuAe2TEQGY6s7BTDKybtFnq,9874
Houndies #2929,rNZ6nYeWxi9osa5r8GNvNbuzXqNhR3quJB,2929
Houndies #2523,rskB9wakwUH6NYcqkQu4m6k4TmszmyDSog,2523
Houndies #7582,rGGGT4XZZduqwEi3GcafsZTB93Zrn41EKf,7582
Houndies #5747,r4oa2d3wQaG5EzNMEjU6UtLYQgNzYeckKU,5747
Houndies #604,r9s2VDLiXKfsMkTVSW7n9PYcmA8A8qMzBf,604
Houndies #7418,rfzBaW3gWYF9fRj2U5Wbt4tGdS4PqHbPcb,7418
Houndies #3968,rwhWQcnNWuQxKKiQpjBUfir5ZVFX5MJdDu,3968
Houndies #1816,rB33HSyqTCPPa2fuoiLt8rbYzq4cZa8GRh,1816
Houndies #6475,rE2zTuSRVnwgpsEtqeChMJeyfAYDoP199f,6475
Houndies #1926,rGYbouxmiTy65QWKuSDJFPDzQLhdwoztVg,1926
Houndies #7646,ra37FHLjkvJYNcK8bFekoQiGpFaX4ivHEK,7646
Houndies #4491,rLEiJ6MZsDzXHn3SmLy9ifzzhzwuQdbUuB,4491
Houndies #3293,ra96DyvXkJaSvNpAfN5989iub3PtyAVLWv,3293
Houndies #7554,rJQTrHKExfeCjschk5MGwPZuditZ8vdWnD,7554
Houndies #1756,rs1woordVhMDHYkjJCk43TUxpauWYLc54X,1756
Houndies #8505,rJ3ErNt8J1QNRJ7ddvymPEDbU4rtDZ7by3,8505
Houndies #9308,rJkVhZeKDk6JktLnXcypLj7yMYirgJ6msJ,9308
Houndies #8506,rDKxLbxGK7w2HHvZ2ydSTspR7N2a695D26,8506
Houndies #9241,r4cfG2afiujJTNywu8eN6nELsu6WbfMyrv,9241
Houndies #3679,rLLK2RjgjEpt65riRawcRaBTRRXTB1DinN,3679
Houndies #2312,r4R9fFREvGJVhS6uaipPMhoLZZK7M8RvoU,2312
Houndies #6609,rsVSDvuCG5CSHnKSkkLyGKcBKTM2MfmtzF,6609
Houndies #5717,rGfqd9VKYvjkZzCchJH8GZcVbU8iw3dN2E,5717
Houndies #8534,rD7ssRFxd6BXphy9vdRGFYNvUKUL21ePrL,8534
Houndies #6190,rpY6RArGWVJVmnBpFsEptFNxgPJ1LYNWfp,6190
Houndies #6401,rLigATZUfKKL4q5JJsDCnfFAfEKrmtXS5w,6401
Houndies #3898,rGQxRcieDXU2HDKFgS1AfYtZUXiNcQRTy,3898
Houndies #4973,rMc6ATFTkdbDEkVrhzjRwkWnsgL7Z4jv8H,4973
Houndies #1374,r4PaTAMqu3P5QTejVHXh7hDMC8QjoRZEt,1374
Houndies #7912,rGKFoWWXrPrG1Dysf8Y1dSJNYSjZ93fmQJ,7912
Houndies #7536,rhSQ8Z2WSmS9MK8YvC7hx47Y9B7tLhbMXk,7536
Houndies #1885,rwfgYwfW9X6Poxr8z96NuADWmgrxTEQ6yZ,1885
Houndies #8439,rPULuRu58wpVaTFh1eFZ1XUdvaYipNWPNn,8439
Houndies #6067,r4ea1dsEG9PRky352KP3WqRuv2BTMk52pi,6067
Houndies #7225,rErB9i7sHG5LKRapkXnATi8bRpBienCh4g,7225
Houndies #1072,rp1YjX4M9vq3ARjZmoZB4hKiLWFS8ZkNg4,1072
Houndies #1424,rQHePi5VuyFiAgpE3S9jzMKzhjPswhCsBx,1424
Houndies #4704,rGkyhLzgBfhRGzZXy3TR4nsmQKFQXvksML,4704
Houndies #8205,rQD9RKY4dz8PjYdh9hedYZgHSnvbHDBVAw,8205
Houndies #4310,r4LUFsgFxbT3aKgTEtMsXqSG2sstWcPXV4,4310
Houndies #6047,rDdF1j7utuKU4zB1MAdAQwdNLPa1wrox4p,6047
Houndies #5406,rLsMcXv6Rsc8obBQ2YgSmrEGoNpCkaLhsd,5406
Houndies #701,rnKDZ7qYJQqXGscPzTTeq1QmnXMWp7ZSoy,701
Houndies #4033,rHbrxRUw8vxLNzw5MQRpPpK51YjjqkfvhF,4033
Houndies #2844,rDtMqNRQF4Y7bTWMk3ddVeYb51bvP38RV9,2844
Houndies #4382,rKqKrD4pgEVYNb9HWUW6QMsKrudNv5WFiU,4382
Houndies #4168,rnPS2CnPwZqUBP9HW9vsHVhNYFyrMDdtnH,4168
Houndies #6433,rKsoFkKtgi8ToCkJ6SDQWiFCRzxEafrUG,6433
Houndies #1396,rhphb1aWfM4uveT9wnpP6DLqnFfUn6w4bN,1396
Houndies #6946,rDHk9RVcHQfQYo5ynL65YKRNJxjcXur15h,6946
Houndies #7818,rESyBngE3kRwZ5FtwVAVAdnUTQYySqxzmL,7818
Houndies #7942,rPQt6EMkSf6xRTLBZXTENVEtHPxW8FZrMf,7942
Houndies #9153,rKac6roiDioeT5a9Uf9WzmnMQGmvtLvAbc,9153
Houndies #28,rownfswFGbr1XuVSYKJ9aGCckqQzHtfh7,28
Houndies #3527,rncqBnuj3JS5YxxJnpZEtoqqTbsFwSo3TB,3527
Houndies #755,rf5LK6N9zMsaFdLbRWzeYsBxYLTiVggsTN,755
Houndies #6073,rHfUngjVM52RwAwo4L7eNyf1tf373WyBYk,6073
Houndies #6947,r4Lss8EgshvvoA1FxJZoAzAG1ejaHVpjbf,6947
Houndies #4966,rEzUwEZ2dWCRxa8cgMbteX6k1d47xFkzzy,4966
Houndies #6871,rGCk1QjhnMHY1Jy9mCMb4VQ6gvMdFSWBuC,6871
Houndies #3587,r35ZYHhmhoDrwxpfJ4hv9x38JDeW8QX9ju,3587
Houndies #957,rLz6JY4vErF5rcuSc34p55n82P4exR8mNY,957
Houndies #6185,rNVKvdBu76eGyLnrcxEYQEJH4snh1thTUK,6185
Houndies #3381,rPB9HnCrFWfZYni6DyrSw4Cxg98a7WKr8n,3381
Houndies #6170,rQYxEgmYuVuMb9uxJGqCyPJaAvpkayFFr,6170
Houndies #5595,rMFLANRGXzimuMPNCx5MWWaAyvUapiN5J7,5595
Houndies #1236,rw83vg2N9YV7hTtxTq97E2994q3AbHLRhb,1236
Houndies #5434,rfKzGhQRH6ywoDatCDtvT2KCTjDxf4KbK8,5434
Houndies #8842,r4jjATqbHmwGwQvEr5THC1y33jUxYhsYKa,8842
Houndies #5875,rUUUVUR3DtFTMxgj6hYKKArVJseWj2LRms,5875
Houndies #5516,r4XQR1Q7dJwQYqsBMH41YLn9Wik7uuwJJN,5516
Houndies #3659,rnfWkPr1mnbHk6H5Smhp4eBFLGUVk7ANUt,3659
Houndies #78,rE4mhYoh1aMYiJvnCCqTggZBG3yWZeDSPN,78
Houndies #2750,r396ERBTrwsoh9yp8KpUqfonunA9it3Q3h,2750
Houndies #4970,rfdqD6twE14ahh3S6PJBWVBLNeFZjKXYcH,4970
Houndies #7249,rpUGK7UjAAryz5XiRSv9jEMqFaJe1e85tL,7249
Houndies #9613,rKgTo1mv483XN3XFVTC2boWLYU3kEAsA9N,9613
Houndies #9856,rHwzpRNb9xJmfBLrGYFd4bRmXeigYixG8m,9856
Houndies #6608,r3rYDhgckctzSrkCjka1BrArr7WB2MNQ5L,6608
Houndies #949,r6NuDiJzcRSLEmC11fd5tH27VSYoXQbrm,949
Houndies #9851,rajQGCYdTV5wBEaDcCk1YAtLQNnyXKGFhU,9851
Houndies #6731,rUz19ENtBx8Z9pFtzuNsq5rZRoyucwB2YG,6731
Houndies #4144,rKds4M2ffRrNQKczvSYas1RuD6ihggpV4J,4144
Houndies #5285,rKfsc4seLnbn39Yra3gjZzj9tKivUvLnhx,5285
Houndies #5700,rNkiQd5ceaTmzjbSHM8XvLXJeMFoyJ4ZFJ,5700
Houndies #7287,rpWvjuqUzvNj9kMpE1oRMBBssKgcpx6XwQ,7287
Houndies #9492,rBJFnxpEN4qrhC8tPEADPZcpbVPXf65oxw,9492
Houndies #8978,r3ZDA24HMkgsh5Ag3shFSqtch9Kjkr7bGp,8978
Houndies #5042,rP28dNgr3VNJEwUuhir7FAKdhaHYmqXZbv,5042
Houndies #2331,rDgi3mPissRaEhLPpV6gL7Jm7jrQ8rAK3r,2331
Houndies #3423,ra7NvAVpDNRZHRJPLGPhtJLu6JFuNU9SKN,3423
Houndies #8190,rfTKpvVCExkM4H2Czohae21nqZiKW1S9C9,8190
Houndies #1984,rs34tFvm876NcR2f37dUA9nKsDbS2h6GZC,1984
Houndies #3619,rpBSM69Gm2gmrJgTkHsVmDRXsvrBczYqRq,3619
Houndies #7767,rsotongvR6LrYNyhPJoMB8KHzaAUz11DQR,7767
Houndies #8765,rBG4jebSv4zNvLWbkUBJBb1FXNAEgohcKq,8765
Houndies #9776,rnYq7qUuuYX19ZwHpNiq5ySuABvcQ9f6z9,9776
Houndies #7595,rpTU98vWZBabpYumPk786SjA7uSfEmZxGy,7595
Houndies #7129,rGidjhFZJg8EhyvDkXErMGKdMmYFbygD2o,7129
Houndies #4868,rrh6xdKqHbcyUJdv8FxqaPwwhxz6APRyq6,4868
Houndies #6247,rnEsbVJJPAs5vLzRLdxFwhBzWWTd3JJrAE,6247
Houndies #8096,r4hrD15nsUeq7fs6LGMgiC4hUawnU3HzQw,8096
Houndies #2482,rn84sJbbixyPigWMSn8r9rH7zVNYfVqqzd,2482
Houndies #9474,r9aadrBaQw8cRARfpudBTCWo1F92rJzXA4,9474
Houndies #7716,rhnEW2ZyhkCpdGd5Qo71yowWhEafgTgGSh,7716
Houndies #6216,rKBxLPrBpjKyBzC6Pdd4B6XdpQn9x4KxAJ,6216
Houndies #7512,rH6FHwfVhLYFnYJR7e2k4owCKqaUydmN4Y,7512
Houndies #8862,rwCDbSXC2B8vWDkpqwn5UjrUn4uMs8e1Bo,8862
Houndies #4026,r3oQVuF38sCdryraWUD7nj1QbN5JE6ftwH,4026
Houndies #1155,rPuhNvrHYnc7fAvTXMZYSkwW3v5aC2qMkW,1155
Houndies #5640,rKRAytHctqsJsm7JNwzwxp1XzFYDLu7EBL,5640
Houndies #6270,r9nDXGjGT8MoVGz3cfZ9bfaGnLQv4hT1xx,6270
Houndies #6060,rUdiTgVbKUm55yGTVa735BqKE5694KCq1H,6060
Houndies #8392,rHiLY3EPXUy8x21YqACT4EBh9Df6pmeujT,8392
Houndies #2636,rLeVkDdpNdQxVJN89p7sxXcFy1kSf1K9Zz,2636
Houndies #9532,rP3tvqeLL8xBGybR4TSJnEdxFizgSsCCHP,9532
Houndies #959,rnKwgJ37TWNBdSQNTzCKcTPtNvanNGjCyX,959
Houndies #1837,rJgvwYMqfqY6kZB5GiGPPj3HGHDad1B2Jm,1837
Houndies #2048,rJmaxPns91ephtRJxR9YSJmpguDipfSTSY,2048
Houndies #8769,rHf1yUv3XD4Bc2sLgucoiHbX5gQBsX4RhW,8769
Houndies #6296,rMCKGyaHt33p4vdESbeRtW82RKUD9ikgVG,6296
Houndies #107,r3aHQ8Kg7CZeizntXJi3z4Pn6BPM4jbHe8,107
Houndies #7293,rn59rc3d16d6FWxuXUbkEpL6NkWPfShUit,7293
Houndies #7432,rBMZprPFefUgjHseB2iyLEsnetCGE6cCSP,7432
Houndies #5407,r3aSRQPhuadXgWuP5tW7R7oTL95tqh1xL8,5407
Houndies #302,rPhL1PuCMPMYqyQeRyDGwbU5FUZrJu6bbk,302
Houndies #8272,rU7LKYJp7eBw1r4M8q945vtJi519AtQUzX,8272
Houndies #2177,rE92SSWmP4jvHoSeqQK1stH2FEV2Yd8puZ,2177
Houndies #3703,rfwLmUyAiSEvQzuv32nwz6bu1bnzrwfVNE,3703
Houndies #5727,rMAY35tPrdLNw7hC1mLef98g7RXANcnnJH,5727
Houndies #4536,rfixdKKJNnVFVVH4vNfRWsunPoVPqgqwZF,4536
Houndies #5698,rwsGW85LHQTKPdqz988Qf55c9WexZWMnFt,5698
Houndies #8725,rLLfWJG4CMSdZLEZBotfYyEaYHm1pu44oP,8725
Houndies #4726,rUtAeKdd4PLg1o1aELABxCuyiLP9QwiDHj,4726
Houndies #8950,razciyi3x7ZvGDewYTZiEEZL7WjFQ7KGWK,8950
Houndies #1331,rGDR1BNZ7QPmWcbocLETGbuL6pnLmHP2Fi,1331
Houndies #7258,rE9Ef6Ldf3TrhtFHwsDrbNB2dzfwoCyMGY,7258
Houndies #3612,rnk2YFcRPujZj2zHLqnCtxyeVz3EQYpxrF,3612
Houndies #8185,rrp3B7QXbyWntTrTxKk859yFg1SMs4BUCh,8185
Houndies #7758,rLKaAKBtWehxDohuuE7ovTdcS74pf7jaai,7758
Houndies #2166,rCHTsNm6DdSBmRr5RXox6ptvAwh7rdsh2,2166
Houndies #434,rHvc4YM7zwSh5xTj3QnQiJFhLXe246xLum,434
Houndies #9022,rLh6K575pNd64cu6aQmdDtJK4kFcSugEKN,9022
Houndies #1971,rmTJran8WrFC6d3pjgpCwxxKc6QdQgoEH,1971
Houndies #9710,r4syJRJ8XfJaX6x5NBd1Ar8GVSsuD5Rtvi,9710
Houndies #5368,rsAUgkoTchUbz1kHSCfUhgqUtjy4diPLwo,5368
Houndies #1003,r3dFJdFXc9zYCXgWE3eh9Y2UviNFC7XjDD,1003
Houndies #1588,rauXQFXCQ1cfi34prQsruzisqLxnKUV4B6,1588
Houndies #1373,rnm154bH9N93yVX75F5EuCWJ4yG1ug3F4E,1373
Houndies #1978,rLR8deyxTYwF5pocrFqEhDubhbX8L4P7TN,1978
Houndies #144,rHhLfAuTkcG8FQVhZ5kq4AQB6P3eo7Tcyq,144
Houndies #6557,rD4Qi3UJbbqmyuWrbTsWfiGy5jkCG6hTkZ,6557
Houndies #8029,rHECJE9qdhmSAE3gesyUUfDnAaqMbMo9Th,8029
Houndies #822,rMRc96YmrQksSdUcA7qGKoxg8VUMfS2bPq,822
Houndies #4859,r9NcbaigiqgXANAaGnYmUCrPGeg34VaMEo,4859
Houndies #929,rwuZcEwip9cQkA4jcaFUCyDdEK4fe9fAev,929
Houndies #8984,rJ5QjerkznBigx7Qxho5KTNroocm5EucBP,8984
Houndies #7099,rfmM4K4bqbRj5x99JKsUxpYKBaNRPvUeM2,7099
Houndies #1548,rHHyZ8YT7xoFqirWLvMpdriQL63x7XSb2x,1548
Houndies #6106,rsiJmkMimkdb5kZDtjtKPFiR8NYE7mbsVD,6106
Houndies #3810,rELRNNtPPEzRdhGcKQ9xYRs4fBdiJmEX4S,3810
Houndies #1547,rHkxMKuRBo2C7KbAYsfv2VmKGGjHyQ7h5P,1547
Houndies #281,rJWDPDQAyrBJRUoZXNBNagpH1s6tp27JcM,281
Houndies #2430,rfNZYn8C2GzANcBeD78hpMHFpRsUezxv5G,2430
Houndies #6937,rNnEEqnRVVRSVv8UKsCY499YafaczV8L8g,6937
Houndies #6072,rDYnjRBNkTvgT4new1YCg1B9oUeDW3xfNe,6072
Houndies #1920,rnU97ooYuoAGAJjSATiQ3ypVqf3mgU7SVd,1920
Houndies #7850,rsjk3AzM8P31UXcJ7KRnjSCusGFBeWWsiU,7850
Houndies #5274,rEYkyFoxJ9gz6QyL7b2QA3ziRUw88cwaAq,5274
Houndies #7939,r4YuXc2JeKrMYMyPfoKr69JiZLddNAwgfs,7939
Houndies #6803,rHeAWcv646LmQmYBTJ8f4RXTU8APCaWAxz,6803
Houndies #9433,rfFRWCrMMoUcDpHECnJUGiCQyGteLxJXad,9433
Houndies #561,rLuqQXheWMiC3vmmSUFPVwN9sSGsUjhoCg,561
Houndies #3276,rwMWnZdEaXePoYWMtXMz86XhBbsrH1aLxQ,3276
Houndies #9383,ra7kuhUuDtynumeT2bNbiVAfHsgXx9yY5k,9383
Houndies #1653,rp1nu7hJVyKBT3mVxCY1mVcaC4FPX2w7yA,1653
Houndies #3582,r9vVcwMgocqB7ocXT2LBQnWcNi2F2Gvm1M,3582
Houndies #2152,rHEik57ufZAQtYwHY7tZ9B3eq6YhessQVm,2152
Houndies #5729,rGukoy161A8t5mvqfUx18HYpmnffuP4vdF,5729
Houndies #2187,r4Q69qJwxw94qLihyhnJVMsf56DoktD93H,2187
Houndies #363,rUZuvjrRoZs4DzwhvwvPriJpWE5eVqxKUs,363
Houndies #9489,rUGpbjPxW9YTcV8hqmBBniabhJA9qrV38b,9489
Houndies #2561,r4RvXRpxtQbjkXTg5SNJBMJDeHQx1soxzZ,2561
Houndies #8912,rwfQvZRwrjUma3Yeoiwdzt2k8oL4j1nGC5,8912
Houndies #4968,rfTgzS7a5yB4CaZmwVJrRVfmL4gyQkwt8N,4968
Houndies #1060,rJ2eYsdeUZmusSeD64R3gR4PSSm65y5Qe8,1060
Houndies #7657,rHggQaL9j1aRFoAn3JfMHakUdJL5Yg6gyx,7657
Houndies #4414,r4bkenPshDVpGRPtEJ3AhjEcpvVustSwnx,4414
Houndies #1229,rpyj9pbnpFAAwma11AjJxpuTp6d4raFUPy,1229
Houndies #5092,rUbiAwZD5hAZBgQkZZbqJWdP5MFShhy93D,5092
Houndies #1594,rD4HDwCUNpEHXLqe1RatZpwDbMQeudDuGT,1594
Houndies #8702,rwW23Xb2ZCtbqQVZAy2P2gtY25tqz8cF8r,8702
Houndies #2802,r3ebKiGHENqXB8qLYdE1NUSrz6uRE2umPM,2802
Houndies #831,rnk96HSHx3USdJRKUSvLoBgaDtNQtgGMSY,831
Houndies #2745,rKvMcdeieRwKzZyv7ec1VmJzwmPLuoEAMR,2745
Houndies #9541,rpJrTUP1ZutZjHUSVT1PBFnKrMM672iG26,9541
Houndies #2146,rsmqGkqmSTvpyY5itYS4WepgYXzfi9CS1k,2146
Houndies #2469,rMousyLWbLJNxg4mG5ZHwxY3AXd1N9sgx9,2469
Houndies #9114,radgogyUKZuC8YkKchD27my5bz8gHrcr1e,9114
Houndies #9953,rGNFhaksWVXQTUv7fHY1BFJv9sG9RRQZh3,9953
Houndies #170,r4kkChbnu9UNDoXMa7tkRe2qNzpyn9vV8B,170
Houndies #4683,r3ucRHErE45Wz8yBdD9zyecCuSv4godseL,4683
Houndies #2030,rDDKauDpA8KAPArej2FhxQtNBHYJL8fmMc,2030
Houndies #4964,rNuKUVJkjrbcFPgJpnaxuFwv3xz5wkf8A7,4964
Houndies #7529,raSqvFyCAJTUPVvLQdP5HSs2MwpWxFHgnm,7529
Houndies #9360,rUbUb58QFhGsjgQSEUsP2Z19Z3a9ogR8xT,9360
Houndies #6786,rNPKqhFPyqWgmqvobb5MKdq3LCTyza8fzr,6786
Houndies #9866,rU1tArrr24FMw3iztqeVBJqQwiGFyj97ju,9866
Houndies #4437,rUwBHttSbw4pFrjfiMaWEzVx4keXKwgoUY,4437
Houndies #3125,rEDjqEh8und9zLW9tY3GnXAUMzjNKsm7Eb,3125
Houndies #3196,r9TPZ3cg8f3511SN1vfPDxbYfUhWfi95Y,3196
Houndies #2963,r4JFTWht1oRyKi6bQnvymk9aat8ikocUd2,2963
Houndies #8250,rKeFfq8ZvHbFWbsQBAeTB5Ng7aGtoLN84K,8250
Houndies #505,rsqY3EZCGr8gEdtZ7rBqxgSA9ZZaYvTAnN,505
Houndies #9403,rM2PMKUukQ5xpntdbJf7nKtFAMSzA5nBc6,9403
Houndies #8986,r2BooXA4sEGebowvXUW9QT4S1CTV3Medd,8986
Houndies #6544,rPsanHJ6RHycNeo8BPYSZtrgMCCmzaaZhK,6544
Houndies #4666,r3ynyE46JzA8B91sGHM4nwcqQRf55wLvYn,4666
Houndies #8380,rQs42KfJrYEnrhEJQzLQvL4uDV7iTSssTc,8380
Houndies #9585,rfDJGhXqyNnbZGCYU7y9HhoxXRKQeTcGYU,9585
Houndies #7164,rsGadhuccHp13xMiCSoR5dgSEkJ1X1L4cm,7164
Houndies #4689,rK7MiWoFSb7qAoA1BMJmtwTDd5Gb6Pv5Yw,4689
Houndies #1709,rGKmxAKvkEk8Z2A4KSdGkkiZcNH9DWxm3t,1709
Houndies #6156,rfJynLaAmr4kCVVQHKy4ByjzNFnys86P2h,6156
Houndies #9463,ryoYkVWY1X5DJXN5bWL7U97ggbEtCVL18,9463
Houndies #516,rp9SifQSwqR6bGAJHXEzVaEHE8V2f544D6,516
Houndies #6755,rMfdqFJRw4tDMBCgr35kKJ3qjNih99KuBd,6755
Houndies #7463,rUPhZsmWVfbTPEhesiNW4Zvj5Wf55YxZ1y,7463
Houndies #7486,rLSSudCJH4RW91hRyLRBX5uxpyWRApcwPr,7486
Houndies #7770,rpsYUh6XJm62vycBRiuthKwFqf95tNjS46,7770
Houndies #6344,rKNGRKAQo6MLRGtpB3tp3khUjZ4cHTbkjj,6344
Houndies #6085,rM1W8cyxtmXPYpAqbgemGn3R1f7DhmLKai,6085
Houndies #706,rMpEi93gwFamu7fanxW2q2YUZKtiwyE1Kd,706
Houndies #5683,rPjignTbC1vNx4QihQpkUu2ehwwEpSw8vg,5683
Houndies #307,rGnm9KyT96tywkQhZ6iCv7pkh53CgMzAWo,307
Houndies #2056,rnWQvF46aPkGAwLCQzwN4brqQLcPkA3QG4,2056
Houndies #8803,rhTkqwLr4ZZ5jL54XaC2mTaN97vwM5BArS,8803
Houndies #7535,raDYEDrWwmuTPG5MLaQVoZpJh7iGsNeqoH,7535
Houndies #398,r3FNESi6MehQj9NVyJGuihYYvkQK5hz7pY,398
Houndies #894,r3gJsy7HhgqRyHEnTPHXRXJeKziG1gZsyV,894
Houndies #4660,rfUtqy9eCVi6QstabxGWfQfU73aXZF6UwX,4660
Houndies #8599,ratsDisnGsFoD9DrAJAendRhpn6pDUtmMA,8599
Houndies #5133,r472bqVsHYc5dDXq3F7CCMKr71nX6siTHz,5133
Houndies #7022,rGVV8kad8JXCdgPFiWy81G5uV5t1JBLjBc,7022
Houndies #1589,r9n33aVhaTj39p3xoagwAVNniLfgyG44Uh,1589
Houndies #1184,rM9TybkHNrhVLcvEWW78cyTK3wBnnHreUT,1184
Houndies #3594,rM7VAVUFmPnFET7Z7AN5fF741UETWe2zMB,3594
Houndies #2670,rUtUXv621wDmfZJVsnUbtnppCajMWYhvzR,2670
Houndies #8831,rDkxC64W5RjokfzvrcWd1ABjRX3jDYy78b,8831
Houndies #407,rNNWUsrnQU6vH9LjXuDtBVCi5tnvTUtMws,407
Houndies #496,rKvk4gAEUwuyJgQWTFanxMkpgmVY6c1ECn,496
Houndies #6883,r9fkcCKp3VF6mA7yxmunKqts7v33h5NHVK,6883
Houndies #9179,rrswxbrMpNyZjxrav2KRT3Hd1BoRsnZwHq,9179
Houndies #5670,rBMZnUnesSFNCFyWiWWskdsqnBvnRb3yCm,5670
Houndies #8701,r47HEuDfWd62yRagtd1GPL3PCQyc8pWAfs,8701